"Label (Grouping)","Banks County, Georgia!!Estimate","Banks County, Georgia!!Margin of Error","Banks County, Georgia!!Percent","Banks County, Georgia!!Percent Margin of Error","Barrow County, Georgia!!Estimate","Barrow County, Georgia!!Margin of Error","Barrow County, Georgia!!Percent","Barrow County, Georgia!!Percent Margin of Error","Clarke County, Georgia!!Estimate","Clarke County, Georgia!!Margin of Error","Clarke County, Georgia!!Percent","Clarke County, Georgia!!Percent Margin of Error","Elbert County, Georgia!!Estimate","Elbert County, Georgia!!Margin of Error","Elbert County, Georgia!!Percent","Elbert County, Georgia!!Percent Margin of Error","Franklin County, Georgia!!Estimate","Franklin County, Georgia!!Margin of Error","Franklin County, Georgia!!Percent","Franklin County, Georgia!!Percent Margin of Error","Habersham County, Georgia!!Estimate","Habersham County, Georgia!!Margin of Error","Habersham County, Georgia!!Percent","Habersham County, Georgia!!Percent Margin of Error","Hart County, Georgia!!Estimate","Hart County, Georgia!!Margin of Error","Hart County, Georgia!!Percent","Hart County, Georgia!!Percent Margin of Error","Jackson County, Georgia!!Estimate","Jackson County, Georgia!!Margin of Error","Jackson County, Georgia!!Percent","Jackson County, Georgia!!Percent Margin of Error","Madison County, Georgia!!Estimate","Madison County, Georgia!!Margin of Error","Madison County, Georgia!!Percent","Madison County, Georgia!!Percent Margin of Error","Oconee County, Georgia!!Estimate","Oconee County, Georgia!!Margin of Error","Oconee County, Georgia!!Percent","Oconee County, Georgia!!Percent Margin of Error","Oglethorpe County, Georgia!!Estimate","Oglethorpe County, Georgia!!Margin of Error","Oglethorpe County, Georgia!!Percent","Oglethorpe County, Georgia!!Percent Margin of Error","Rabun County, Georgia!!Estimate","Rabun County, Georgia!!Margin of Error","Rabun County, Georgia!!Percent","Rabun County, Georgia!!Percent Margin of Error","Stephens County, Georgia!!Estimate","Stephens County, Georgia!!Margin of Error","Stephens County, Georgia!!Percent","Stephens County, Georgia!!Percent Margin of Error","Towns County, Georgia!!Estimate","Towns County, Georgia!!Margin of Error","Towns County, Georgia!!Percent","Towns County, Georgia!!Percent Margin of Error","White County, Georgia!!Estimate","White County, Georgia!!Margin of Error","White County, Georgia!!Percent","White County, Georgia!!Percent Margin of Error"
"SEX AND AGE","","","","","","","","","","","","","","","","","","","","","","","","","","","","","","","","","","","","","","","","","","","","","","","","","","","","","","","","","","","",""
"    Total population","18,061","*****","18,061","(X)","82,138","*****","82,138","(X)","128,195","*****","128,195","(X)","19,453","*****","19,453","(X)","23,256","*****","23,256","(X)","45,767","*****","45,767","(X)","25,808","*****","25,808","(X)","73,839","*****","73,839","(X)","29,906","*****","29,906","(X)","41,006","*****","41,006","(X)","14,779","*****","14,779","(X)","16,731","*****","16,731","(X)","26,641","*****","26,641","(X)","12,300","*****","12,300","(X)","27,886","*****","27,886","(X)"
"        Male","9,121","±142","50.5%","±0.8","40,462","±78","49.3%","±0.1","61,198","±133","47.7%","±0.1","9,268","±128","47.6%","±0.7","11,464","±185","49.3%","±0.8","21,624","±254","47.2%","±0.6","12,824","±150","49.7%","±0.6","36,805","±151","49.8%","±0.2","14,592","±212","48.8%","±0.7","20,336","±153","49.6%","±0.4","7,544","±130","51.0%","±0.9","8,207","±117","49.1%","±0.7","12,820","±266","48.1%","±1.0","5,844","±150","47.5%","±1.2","13,782","±165","49.4%","±0.6"
"        Female","8,940","±142","49.5%","±0.8","41,676","±78","50.7%","±0.1","66,997","±133","52.3%","±0.1","10,185","±128","52.4%","±0.7","11,792","±185","50.7%","±0.8","24,143","±254","52.8%","±0.6","12,984","±150","50.3%","±0.6","37,034","±151","50.2%","±0.2","15,314","±212","51.2%","±0.7","20,670","±153","50.4%","±0.4","7,235","±130","49.0%","±0.9","8,524","±117","50.9%","±0.7","13,821","±266","51.9%","±1.0","6,456","±150","52.5%","±1.2","14,104","±165","50.6%","±0.6"
"        Sex ratio (males per 100 females)","102.0","±3.2","(X)","(X)","97.1","±0.4","(X)","(X)","91.3","±0.4","(X)","(X)","91.0","±2.4","(X)","(X)","97.2","±3.1","(X)","(X)","89.6","±2.0","(X)","(X)","98.8","±2.3","(X)","(X)","99.4","±0.8","(X)","(X)","95.3","±2.7","(X)","(X)","98.4","±1.5","(X)","(X)","104.3","±3.7","(X)","(X)","96.3","±2.7","(X)","(X)","92.8","±3.7","(X)","(X)","90.5","±4.4","(X)","(X)","97.7","±2.3","(X)","(X)"
"        Under 5 years","959","±61","5.3%","±0.3","5,417","±37","6.6%","±0.1","6,383","±4","5.0%","±0.1","1,130","±63","5.8%","±0.3","1,221","±27","5.3%","±0.2","2,711","±74","5.9%","±0.2","1,245","±220","4.8%","±0.9","4,658","±49","6.3%","±0.1","1,716","±94","5.7%","±0.3","2,084","±143","5.1%","±0.3","760","±106","5.1%","±0.7","746","±63","4.5%","±0.4","1,686","±196","6.3%","±0.7","401","±4","3.3%","±0.1","1,346","±185","4.8%","±0.7"
"        5 to 9 years","1,101","±172","6.1%","±1.0","6,128","±367","7.5%","±0.4","5,791","±566","4.5%","±0.4","986","±145","5.1%","±0.7","1,468","±190","6.3%","±0.8","2,540","±303","5.5%","±0.7","1,761","±295","6.8%","±1.1","4,674","±453","6.3%","±0.6","1,769","±327","5.9%","±1.1","3,429","±306","8.4%","±0.7","1,003","±150","6.8%","±1.0","684","±130","4.1%","±0.8","1,455","±315","5.5%","±1.2","451","±88","3.7%","±0.7","1,202","±189","4.3%","±0.7"
"        10 to 14 years","1,196","±208","6.6%","±1.2","6,123","±359","7.5%","±0.4","6,657","±560","5.2%","±0.4","1,399","±157","7.2%","±0.8","1,588","±189","6.8%","±0.8","3,225","±320","7.0%","±0.7","1,561","±239","6.0%","±0.9","6,206","±453","8.4%","±0.6","2,310","±299","7.7%","±1.0","3,092","±330","7.5%","±0.8","854","±146","5.8%","±1.0","842","±131","5.0%","±0.8","1,700","±284","6.4%","±1.1","415","±104","3.4%","±0.8","1,914","±235","6.9%","±0.8"
"        15 to 19 years","1,215","±99","6.7%","±0.5","5,391","±109","6.6%","±0.1","14,747","±875","11.5%","±0.7","1,108","±174","5.7%","±0.9","1,464","±198","6.3%","±0.9","3,376","±161","7.4%","±0.4","1,258","±211","4.9%","±0.8","4,951","±215","6.7%","±0.3","1,716","±225","5.7%","±0.8","3,489","±202","8.5%","±0.5","1,080","±155","7.3%","±1.0","847","±110","5.1%","±0.7","1,738","±180","6.5%","±0.7","860","±189","7.0%","±1.5","1,669","±145","6.0%","±0.5"
"        20 to 24 years","1,035","±75","5.7%","±0.4","4,910","±107","6.0%","±0.1","21,573","±846","16.8%","±0.7","1,045","±160","5.4%","±0.8","1,731","±230","7.4%","±1.0","3,018","±156","6.6%","±0.3","1,157","±192","4.5%","±0.7","3,292","±150","4.5%","±0.2","1,800","±167","6.0%","±0.6","2,276","±181","5.6%","±0.4","676","±102","4.6%","±0.7","897","±192","5.4%","±1.1","1,913","±172","7.2%","±0.6","891","±195","7.2%","±1.6","2,033","±210","7.3%","±0.8"
"        25 to 34 years","2,044","±85","11.3%","±0.5","11,823","±109","14.4%","±0.1","20,724","±57","16.2%","±0.1","2,296","±234","11.8%","±1.2","2,642","±169","11.4%","±0.7","5,552","±220","12.1%","±0.5","3,057","±186","11.8%","±0.7","10,139","±291","13.7%","±0.4","3,616","±172","12.1%","±0.6","3,286","±139","8.0%","±0.3","1,625","±162","11.0%","±1.1","1,726","±143","10.3%","±0.9","3,245","±207","12.2%","±0.8","1,276","±199","10.4%","±1.6","2,725","±71","9.8%","±0.3"
"        35 to 44 years","2,228","±116","12.3%","±0.6","11,772","±130","14.3%","±0.2","14,543","±96","11.3%","±0.1","2,115","±191","10.9%","±1.0","2,492","±113","10.7%","±0.5","5,561","±218","12.2%","±0.5","2,900","±212","11.2%","±0.8","10,121","±312","13.7%","±0.4","3,804","±255","12.7%","±0.9","5,816","±281","14.2%","±0.7","1,806","±131","12.2%","±0.9","1,571","±71","9.4%","±0.4","2,795","±156","10.5%","±0.6","847","±100","6.9%","±0.8","2,813","±66","10.1%","±0.2"
"        45 to 54 years","2,695","±132","14.9%","±0.7","10,797","±106","13.1%","±0.1","11,821","±111","9.2%","±0.1","2,556","±126","13.1%","±0.6","3,038","±181","13.1%","±0.8","5,642","±172","12.3%","±0.4","3,373","±170","13.1%","±0.7","10,360","±327","14.0%","±0.4","3,954","±167","13.2%","±0.6","6,030","±228","14.7%","±0.6","2,086","±137","14.1%","±0.9","2,040","±95","12.2%","±0.6","3,254","±140","12.2%","±0.5","1,194","±36","9.7%","±0.3","3,705","±124","13.3%","±0.4"
"        55 to 59 years","1,398","±185","7.7%","±1.0","5,069","±310","6.2%","±0.4","5,768","±416","4.5%","±0.3","1,206","±219","6.2%","±1.1","1,776","±217","7.6%","±0.9","2,866","±297","6.3%","±0.6","1,758","±247","6.8%","±1.0","4,179","±431","5.7%","±0.6","2,518","±312","8.4%","±1.0","2,707","±345","6.6%","±0.8","1,302","±135","8.8%","±0.9","1,306","±176","7.8%","±1.1","1,714","±226","6.4%","±0.8","675","±139","5.5%","±1.1","2,319","±339","8.3%","±1.2"
"        60 to 64 years","1,158","±184","6.4%","±1.0","4,488","±309","5.5%","±0.4","5,944","±416","4.6%","±0.3","1,630","±228","8.4%","±1.2","1,497","±224","6.4%","±1.0","2,921","±310","6.4%","±0.7","1,899","±238","7.4%","±0.9","4,742","±397","6.4%","±0.5","1,584","±280","5.3%","±0.9","2,495","±299","6.1%","±0.7","905","±153","6.1%","±1.0","1,345","±164","8.0%","±1.0","1,918","±223","7.2%","±0.8","1,150","±134","9.3%","±1.1","1,828","±316","6.6%","±1.1"
"        65 to 74 years","1,894","±49","10.5%","±0.3","6,668","±135","8.1%","±0.2","8,798","±93","6.9%","±0.1","2,343","±143","12.0%","±0.7","2,518","±115","10.8%","±0.5","5,020","±144","11.0%","±0.3","3,397","±193","13.2%","±0.7","6,361","±149","8.6%","±0.2","3,165","±106","10.6%","±0.4","4,021","±186","9.8%","±0.5","1,614","±71","10.9%","±0.5","2,799","±53","16.7%","±0.3","3,333","±172","12.5%","±0.6","2,335","±19","19.0%","±0.2","3,849","±111","13.8%","±0.4"
"        75 to 84 years","908","±66","5.0%","±0.4","2,570","±214","3.1%","±0.3","4,094","±267","3.2%","±0.2","1,228","±178","6.3%","±0.9","1,309","±161","5.6%","±0.7","2,414","±167","5.3%","±0.4","2,024","±208","7.8%","±0.8","3,361","±268","4.6%","±0.4","1,526","±143","5.1%","±0.5","1,613","±195","3.9%","±0.5","898","±84","6.1%","±0.6","1,430","±136","8.5%","±0.8","1,292","±176","4.8%","±0.7","1,342","±123","10.9%","±1.0","1,987","±158","7.1%","±0.6"
"        85 years and over","230","±68","1.3%","±0.4","982","±181","1.2%","±0.2","1,352","±236","1.1%","±0.2","411","±140","2.1%","±0.7","512","±172","2.2%","±0.7","921","±166","2.0%","±0.4","418","±137","1.6%","±0.5","795","±247","1.1%","±0.3","428","±138","1.4%","±0.5","668","±195","1.6%","±0.5","170","±72","1.2%","±0.5","498","±107","3.0%","±0.6","598","±179","2.2%","±0.7","463","±119","3.8%","±1.0","496","±160","1.8%","±0.6"
"        Median age (years)","41.7","±1.1","(X)","(X)","36.2","±0.3","(X)","(X)","28.7","±0.2","(X)","(X)","42.8","±0.6","(X)","(X)","40.8","±0.9","(X)","(X)","38.8","±0.6","(X)","(X)","44.8","±1.1","(X)","(X)","38.2","±0.4","(X)","(X)","40.3","±0.7","(X)","(X)","40.3","±0.9","(X)","(X)","42.0","±1.4","(X)","(X)","49.8","±1.2","(X)","(X)","40.9","±0.9","(X)","(X)","52.8","±0.6","(X)","(X)","45.7","±0.6","(X)","(X)"
"        Under 18 years","4,095","±90","22.7%","±0.5","21,328","*****","26.0%","*****","22,150","±42","17.3%","±0.1","4,236","±22","21.8%","±0.1","5,118","±80","22.0%","±0.3","10,344","±32","22.6%","±0.1","5,395","±104","20.9%","±0.4","18,821","*****","25.5%","*****","6,958","±57","23.3%","±0.2","10,925","*****","26.6%","*****","3,115","±115","21.1%","±0.8","2,819","*****","16.8%","*****","5,787","±205","21.7%","±0.8","1,549","±52","12.6%","±0.4","5,454","±165","19.6%","±0.6"
"        16 years and over","14,497","±117","80.3%","±0.7","63,146","±224","76.9%","±0.3","108,082","±251","84.3%","±0.2","15,702","±85","80.7%","±0.4","18,796","±89","80.8%","±0.4","36,829","±152","80.5%","±0.3","20,925","±162","81.1%","±0.6","57,145","±181","77.4%","±0.2","23,776","±237","79.5%","±0.8","31,744","±130","77.4%","±0.3","11,932","±128","80.7%","±0.9","14,302","±87","85.5%","±0.5","21,557","±261","80.9%","±1.0","10,934","±68","88.9%","±0.6","23,180","±203","83.1%","±0.7"
"        18 years and over","13,966","±90","77.3%","±0.5","60,810","*****","74.0%","*****","106,045","±42","82.7%","±0.1","15,217","±22","78.2%","±0.1","18,138","±80","78.0%","±0.3","35,423","±32","77.4%","±0.1","20,413","±104","79.1%","±0.4","55,018","*****","74.5%","*****","22,948","±57","76.7%","±0.2","30,081","*****","73.4%","*****","11,664","±115","78.9%","±0.8","13,912","*****","83.2%","*****","20,854","±205","78.3%","±0.8","10,751","±52","87.4%","±0.4","22,432","±165","80.4%","±0.6"
"        21 years and over","13,335","±126","73.8%","±0.7","58,234","±232","70.9%","±0.3","88,838","±1,126","69.3%","±0.9","14,640","±221","75.3%","±1.1","17,052","±242","73.3%","±1.0","33,120","±326","72.4%","±0.7","19,732","±212","76.5%","±0.8","52,776","±303","71.5%","±0.4","21,869","±263","73.1%","±0.9","28,293","±282","69.0%","±0.7","11,008","±198","74.5%","±1.3","13,449","±95","80.4%","±0.6","19,680","±319","73.9%","±1.2","9,937","±179","80.8%","±1.5","21,198","±268","76.0%","±1.0"
"        62 years and over","3,881","±187","21.5%","±1.0","12,917","±329","15.7%","±0.4","17,623","±386","13.7%","±0.3","4,917","±213","25.3%","±1.1","5,178","±197","22.3%","±0.8","9,928","±326","21.7%","±0.7","6,781","±313","26.3%","±1.2","13,353","±441","18.1%","±0.6","5,965","±223","19.9%","±0.7","7,763","±348","18.9%","±0.8","3,210","±146","21.7%","±1.0","5,557","±174","33.2%","±1.0","6,589","±286","24.7%","±1.1","4,905","±139","39.9%","±1.1","7,286","±290","26.1%","±1.0"
"        65 years and over","3,032","±51","16.8%","±0.3","10,220","±52","12.4%","±0.1","14,244","±101","11.1%","±0.1","3,982","±44","20.5%","±0.2","4,339","±117","18.7%","±0.5","8,355","±148","18.3%","±0.3","5,839","±222","22.6%","±0.9","10,517","±162","14.2%","±0.2","5,119","±112","17.1%","±0.4","6,302","±189","15.4%","±0.5","2,682","±66","18.1%","±0.4","4,727","±91","28.3%","±0.5","5,223","±141","19.6%","±0.5","4,140","±33","33.7%","±0.3","6,332","±115","22.7%","±0.4"
"        18 years and over","13,966","±90","13,966","(X)","60,810","*****","60,810","(X)","106,045","±42","106,045","(X)","15,217","±22","15,217","(X)","18,138","±80","18,138","(X)","35,423","±32","35,423","(X)","20,413","±104","20,413","(X)","55,018","*****","55,018","(X)","22,948","±57","22,948","(X)","30,081","*****","30,081","(X)","11,664","±115","11,664","(X)","13,912","*****","13,912","(X)","20,854","±205","20,854","(X)","10,751","±52","10,751","(X)","22,432","±165","22,432","(X)"
"            Male","6,954","±90","49.8%","±0.6","29,576","±58","48.6%","±0.1","49,797","±95","47.0%","±0.1","7,187","±78","47.2%","±0.5","8,812","±154","48.6%","±0.8","16,535","±209","46.7%","±0.6","9,958","±100","48.8%","±0.5","27,125","±49","49.3%","±0.1","11,301","±145","49.2%","±0.6","14,664","±86","48.7%","±0.3","5,829","±113","50.0%","±0.7","6,859","±80","49.3%","±0.6","10,069","±218","48.3%","±0.7","5,083","±98","47.3%","±0.8","10,967","±235","48.9%","±0.8"
"            Female","7,012","±104","50.2%","±0.6","31,234","±58","51.4%","±0.1","56,248","±85","53.0%","±0.1","8,030","±79","52.8%","±0.5","9,326","±158","51.4%","±0.8","18,888","±206","53.3%","±0.6","10,455","±113","51.2%","±0.5","27,893","±49","50.7%","±0.1","11,647","±115","50.8%","±0.6","15,417","±86","51.3%","±0.3","5,835","±88","50.0%","±0.7","7,053","±80","50.7%","±0.6","10,785","±96","51.7%","±0.7","5,668","±72","52.7%","±0.8","11,465","±147","51.1%","±0.8"
"            Sex ratio (males per 100 females)","99.2","±2.5","(X)","(X)","94.7","±0.4","(X)","(X)","88.5","±0.3","(X)","(X)","89.5","±1.8","(X)","(X)","94.5","±3.1","(X)","(X)","87.5","±2.1","(X)","(X)","95.2","±1.7","(X)","(X)","97.2","±0.3","(X)","(X)","97.0","±2.2","(X)","(X)","95.1","±1.1","(X)","(X)","99.9","±2.8","(X)","(X)","97.2","±2.2","(X)","(X)","93.4","±2.5","(X)","(X)","89.7","±2.8","(X)","(X)","95.7","±3.1","(X)","(X)"
"        65 years and over","3,032","±51","3,032","(X)","10,220","±52","10,220","(X)","14,244","±101","14,244","(X)","3,982","±44","3,982","(X)","4,339","±117","4,339","(X)","8,355","±148","8,355","(X)","5,839","±222","5,839","(X)","10,517","±162","10,517","(X)","5,119","±112","5,119","(X)","6,302","±189","6,302","(X)","2,682","±66","2,682","(X)","4,727","±91","4,727","(X)","5,223","±141","5,223","(X)","4,140","±33","4,140","(X)","6,332","±115","6,332","(X)"
"            Male","1,408","±15","46.4%","±0.7","4,506","±46","44.1%","±0.3","5,883","±100","41.3%","±0.4","1,745","±19","43.8%","±0.3","1,849","±74","42.6%","±1.1","3,943","±127","47.2%","±1.1","2,583","±81","44.2%","±1.7","4,852","±125","46.1%","±0.7","2,402","±90","46.9%","±1.1","2,979","±105","47.3%","±1.0","1,197","±66","44.6%","±1.4","2,328","±82","49.2%","±1.2","2,345","±111","44.9%","±1.4","1,903","±9","46.0%","±0.4","3,025","±118","47.8%","±1.2"
"            Female","1,624","±47","53.6%","±0.7","5,714","±24","55.9%","±0.3","8,361","±18","58.7%","±0.4","2,237","±32","56.2%","±0.3","2,490","±79","57.4%","±1.1","4,412","±100","52.8%","±1.1","3,256","±203","55.8%","±1.7","5,665","±90","53.9%","±0.7","2,717","±61","53.1%","±1.1","3,323","±122","52.7%","±1.0","1,485","±19","55.4%","±1.4","2,399","±58","50.8%","±1.2","2,878","±84","55.1%","±1.4","2,237","±31","54.0%","±0.4","3,307","±64","52.2%","±1.2"
"            Sex ratio (males per 100 females)","86.7","±2.6","(X)","(X)","78.9","±0.9","(X)","(X)","70.4","±1.2","(X)","(X)","78.0","±1.0","(X)","(X)","74.3","±3.4","(X)","(X)","89.4","±3.8","(X)","(X)","79.3","±5.4","(X)","(X)","85.6","±2.5","(X)","(X)","88.4","±3.7","(X)","(X)","89.6","±3.6","(X)","(X)","80.6","±4.7","(X)","(X)","97.0","±4.5","(X)","(X)","81.5","±4.5","(X)","(X)","85.1","±1.2","(X)","(X)","91.5","±4.5","(X)","(X)"
"RACE","","","","","","","","","","","","","","","","","","","","","","","","","","","","","","","","","","","","","","","","","","","","","","","","","","","","","","","","","","","",""
"    Total population","18,061","*****","18,061","(X)","82,138","*****","82,138","(X)","128,195","*****","128,195","(X)","19,453","*****","19,453","(X)","23,256","*****","23,256","(X)","45,767","*****","45,767","(X)","25,808","*****","25,808","(X)","73,839","*****","73,839","(X)","29,906","*****","29,906","(X)","41,006","*****","41,006","(X)","14,779","*****","14,779","(X)","16,731","*****","16,731","(X)","26,641","*****","26,641","(X)","12,300","*****","12,300","(X)","27,886","*****","27,886","(X)"
"        One race","17,407","±261","96.4%","±1.4","77,120","±869","93.9%","±1.1","122,433","±864","95.5%","±0.7","18,899","±206","97.2%","±1.1","22,716","±184","97.7%","±0.8","42,802","±691","93.5%","±1.5","25,320","±279","98.1%","±1.1","70,826","±572","95.9%","±0.8","28,405","±554","95.0%","±1.9","38,989","±544","95.1%","±1.3","14,385","±160","97.3%","±1.1","15,857","±181","94.8%","±1.1","25,948","±293","97.4%","±1.1","12,002","±113","97.6%","±0.9","26,821","±426","96.2%","±1.5"
"        Two or more races","654","±261","3.6%","±1.4","5,018","±869","6.1%","±1.1","5,762","±864","4.5%","±0.7","554","±206","2.8%","±1.1","540","±184","2.3%","±0.8","2,965","±691","6.5%","±1.5","488","±279","1.9%","±1.1","3,013","±572","4.1%","±0.8","1,501","±554","5.0%","±1.9","2,017","±544","4.9%","±1.3","394","±160","2.7%","±1.1","874","±181","5.2%","±1.1","693","±293","2.6%","±1.1","298","±113","2.4%","±0.9","1,065","±426","3.8%","±1.5"
"        One race","17,407","±261","96.4%","±1.4","77,120","±869","93.9%","±1.1","122,433","±864","95.5%","±0.7","18,899","±206","97.2%","±1.1","22,716","±184","97.7%","±0.8","42,802","±691","93.5%","±1.5","25,320","±279","98.1%","±1.1","70,826","±572","95.9%","±0.8","28,405","±554","95.0%","±1.9","38,989","±544","95.1%","±1.3","14,385","±160","97.3%","±1.1","15,857","±181","94.8%","±1.1","25,948","±293","97.4%","±1.1","12,002","±113","97.6%","±0.9","26,821","±426","96.2%","±1.5"
"            White","16,166","±177","89.5%","±1.0","60,466","±841","73.6%","±1.0","77,664","±835","60.6%","±0.7","12,657","±324","65.1%","±1.7","19,659","±346","84.5%","±1.5","38,223","±679","83.5%","±1.5","19,699","±267","76.3%","±1.0","61,943","±682","83.9%","±0.9","24,613","±342","82.3%","±1.1","35,547","±430","86.7%","±1.0","11,671","±226","79.0%","±1.5","15,205","±191","90.9%","±1.1","22,035","±131","82.7%","±0.5","11,601","±71","94.3%","±0.6","25,643","±430","92.0%","±1.5"
"            Black or African American","474","±174","2.6%","±1.0","10,267","±355","12.5%","±0.4","35,598","±474","27.8%","±0.4","5,566","±161","28.6%","±0.8","2,043","±145","8.8%","±0.6","1,503","±144","3.3%","±0.3","5,017","±153","19.4%","±0.6","5,481","±260","7.4%","±0.4","2,589","±164","8.7%","±0.5","1,468","±277","3.6%","±0.7","2,564","±121","17.3%","±0.8","229","±131","1.4%","±0.8","2,866","±243","10.8%","±0.9","279","±126","2.3%","±1.0","488","±100","1.7%","±0.4"
"            American Indian and Alaska Native","45","±51","0.2%","±0.3","309","±182","0.4%","±0.2","162","±154","0.1%","±0.1","75","±60","0.4%","±0.3","87","±98","0.4%","±0.4","72","±68","0.2%","±0.1","116","±187","0.4%","±0.7","52","±80","0.1%","±0.1","32","±37","0.1%","±0.1","306","±212","0.7%","±0.5","0","±23","0.0%","±0.3","0","±23","0.0%","±0.3","23","±28","0.1%","±0.1","18","±24","0.1%","±0.2","81","±65","0.3%","±0.2"
"                Cherokee tribal grouping","37","±49","0.2%","±0.3","25","±31","0.0%","±0.1","15","±26","0.0%","±0.1","0","±23","0.0%","±0.2","20","±33","0.1%","±0.1","49","±70","0.1%","±0.2","0","±27","0.0%","±0.2","2","±4","0.0%","±0.1","0","±27","0.0%","±0.2","31","±36","0.1%","±0.1","0","±23","0.0%","±0.3","0","±23","0.0%","±0.3","0","±27","0.0%","±0.2","0","±23","0.0%","±0.4","0","±27","0.0%","±0.2"
"                Chippewa tribal grouping","0","±23","0.0%","±0.3","0","±34","0.0%","±0.1","2","±4","0.0%","±0.1","0","±23","0.0%","±0.2","0","±27","0.0%","±0.2","0","±30","0.0%","±0.1","0","±27","0.0%","±0.2","0","±34","0.0%","±0.1","0","±27","0.0%","±0.2","0","±30","0.0%","±0.1","0","±23","0.0%","±0.3","0","±23","0.0%","±0.3","0","±27","0.0%","±0.2","0","±23","0.0%","±0.4","0","±27","0.0%","±0.2"
"                Navajo tribal grouping","0","±23","0.0%","±0.3","0","±34","0.0%","±0.1","0","±34","0.0%","±0.1","0","±23","0.0%","±0.2","0","±27","0.0%","±0.2","2","±6","0.0%","±0.1","0","±27","0.0%","±0.2","0","±34","0.0%","±0.1","0","±27","0.0%","±0.2","0","±30","0.0%","±0.1","0","±23","0.0%","±0.3","0","±23","0.0%","±0.3","0","±27","0.0%","±0.2","4","±7","0.0%","±0.1","0","±27","0.0%","±0.2"
"                Sioux tribal grouping","0","±23","0.0%","±0.3","0","±34","0.0%","±0.1","0","±34","0.0%","±0.1","0","±23","0.0%","±0.2","0","±27","0.0%","±0.2","0","±30","0.0%","±0.1","0","±27","0.0%","±0.2","0","±34","0.0%","±0.1","0","±27","0.0%","±0.2","4","±7","0.0%","±0.1","0","±23","0.0%","±0.3","0","±23","0.0%","±0.3","12","±22","0.0%","±0.1","0","±23","0.0%","±0.4","0","±27","0.0%","±0.2"
"            Asian","232","±31","1.3%","±0.2","3,305","±129","4.0%","±0.2","4,983","±299","3.9%","±0.2","197","±24","1.0%","±0.1","336","±50","1.4%","±0.2","931","±143","2.0%","±0.3","293","±65","1.1%","±0.3","1,372","±187","1.9%","±0.3","399","±181","1.3%","±0.6","1,576","±183","3.8%","±0.4","61","±76","0.4%","±0.5","96","±70","0.6%","±0.4","294","±2","1.1%","±0.1","45","±42","0.4%","±0.3","167","±32","0.6%","±0.1"
"                Asian Indian","0","±23","0.0%","±0.3","56","±55","0.1%","±0.1","1,568","±382","1.2%","±0.3","40","±57","0.2%","±0.3","0","±27","0.0%","±0.2","8","±13","0.0%","±0.1","54","±86","0.2%","±0.3","36","±39","0.0%","±0.1","0","±27","0.0%","±0.2","141","±130","0.3%","±0.3","0","±23","0.0%","±0.3","91","±72","0.5%","±0.4","139","±105","0.5%","±0.4","25","±31","0.2%","±0.2","17","±34","0.1%","±0.1"
"                Chinese","19","±35","0.1%","±0.2","30","±34","0.0%","±0.1","1,019","±258","0.8%","±0.2","0","±23","0.0%","±0.2","56","±79","0.2%","±0.3","17","±32","0.0%","±0.1","32","±59","0.1%","±0.2","45","±35","0.1%","±0.1","36","±59","0.1%","±0.2","736","±225","1.8%","±0.5","0","±23","0.0%","±0.3","5","±13","0.0%","±0.1","41","±47","0.2%","±0.2","3","±8","0.0%","±0.1","23","±35","0.1%","±0.1"
"                Filipino","43","±53","0.2%","±0.3","45","±40","0.1%","±0.1","418","±297","0.3%","±0.2","0","±23","0.0%","±0.2","0","±27","0.0%","±0.2","224","±169","0.5%","±0.4","129","±142","0.5%","±0.6","205","±167","0.3%","±0.2","1","±2","0.0%","±0.1","27","±33","0.1%","±0.1","2","±3","0.0%","±0.1","0","±23","0.0%","±0.3","34","±57","0.1%","±0.2","0","±23","0.0%","±0.4","18","±21","0.1%","±0.1"
"                Japanese","10","±18","0.1%","±0.1","23","±26","0.0%","±0.1","150","±132","0.1%","±0.1","13","±25","0.1%","±0.1","3","±8","0.0%","±0.1","12","±15","0.0%","±0.1","21","±32","0.1%","±0.1","8","±13","0.0%","±0.1","0","±27","0.0%","±0.2","51","±53","0.1%","±0.1","0","±23","0.0%","±0.3","0","±23","0.0%","±0.3","0","±27","0.0%","±0.2","0","±23","0.0%","±0.4","0","±27","0.0%","±0.2"
"                Korean","0","±23","0.0%","±0.3","281","±158","0.3%","±0.2","686","±203","0.5%","±0.2","0","±23","0.0%","±0.2","7","±13","0.0%","±0.1","10","±15","0.0%","±0.1","57","±86","0.2%","±0.3","34","±38","0.0%","±0.1","0","±27","0.0%","±0.2","380","±224","0.9%","±0.5","0","±23","0.0%","±0.3","0","±23","0.0%","±0.3","44","±102","0.2%","±0.4","8","±14","0.1%","±0.1","12","±11","0.0%","±0.1"
"                Vietnamese","24","±42","0.1%","±0.2","34","±27","0.0%","±0.1","277","±179","0.2%","±0.1","82","±92","0.4%","±0.5","251","±106","1.1%","±0.5","182","±169","0.4%","±0.4","0","±27","0.0%","±0.2","172","±168","0.2%","±0.2","46","±71","0.2%","±0.2","30","±50","0.1%","±0.1","0","±23","0.0%","±0.3","0","±23","0.0%","±0.3","0","±27","0.0%","±0.2","0","±23","0.0%","±0.4","97","±74","0.3%","±0.3"
"                Other Asian","136","±82","0.8%","±0.5","2,836","±210","3.5%","±0.3","865","±374","0.7%","±0.3","62","±68","0.3%","±0.3","19","±35","0.1%","±0.1","478","±191","1.0%","±0.4","0","±27","0.0%","±0.2","872","±281","1.2%","±0.4","316","±188","1.1%","±0.6","211","±145","0.5%","±0.4","59","±76","0.4%","±0.5","0","±23","0.0%","±0.3","36","±35","0.1%","±0.1","9","±15","0.1%","±0.1","0","±27","0.0%","±0.2"
"            Native Hawaiian and Other Pacific Islander","0","±23","0.0%","±0.3","6","±12","0.0%","±0.1","44","±48","0.0%","±0.1","0","±23","0.0%","±0.2","0","±27","0.0%","±0.2","444","±527","1.0%","±1.2","0","±27","0.0%","±0.2","31","±34","0.0%","±0.1","0","±27","0.0%","±0.2","25","±42","0.1%","±0.1","0","±23","0.0%","±0.3","1","±2","0.0%","±0.1","3","±6","0.0%","±0.1","0","±23","0.0%","±0.4","1","±2","0.0%","±0.1"
"                Native Hawaiian","0","±23","0.0%","±0.3","0","±34","0.0%","±0.1","0","±34","0.0%","±0.1","0","±23","0.0%","±0.2","0","±27","0.0%","±0.2","14","±24","0.0%","±0.1","0","±27","0.0%","±0.2","0","±34","0.0%","±0.1","0","±27","0.0%","±0.2","0","±30","0.0%","±0.1","0","±23","0.0%","±0.3","0","±23","0.0%","±0.3","0","±27","0.0%","±0.2","0","±23","0.0%","±0.4","0","±27","0.0%","±0.2"
"                Chamorro","0","±23","0.0%","±0.3","0","±34","0.0%","±0.1","0","±34","0.0%","±0.1","0","±23","0.0%","±0.2","0","±27","0.0%","±0.2","430","±526","0.9%","±1.2","0","±27","0.0%","±0.2","31","±34","0.0%","±0.1","0","±27","0.0%","±0.2","0","±30","0.0%","±0.1","0","±23","0.0%","±0.3","1","±2","0.0%","±0.1","0","±27","0.0%","±0.2","0","±23","0.0%","±0.4","0","±27","0.0%","±0.2"
"                Samoan","0","±23","0.0%","±0.3","0","±34","0.0%","±0.1","15","±23","0.0%","±0.1","0","±23","0.0%","±0.2","0","±27","0.0%","±0.2","0","±30","0.0%","±0.1","0","±27","0.0%","±0.2","0","±34","0.0%","±0.1","0","±27","0.0%","±0.2","0","±30","0.0%","±0.1","0","±23","0.0%","±0.3","0","±23","0.0%","±0.3","0","±27","0.0%","±0.2","0","±23","0.0%","±0.4","0","±27","0.0%","±0.2"
"                Other Pacific Islander","0","±23","0.0%","±0.3","6","±12","0.0%","±0.1","29","±40","0.0%","±0.1","0","±23","0.0%","±0.2","0","±27","0.0%","±0.2","0","±30","0.0%","±0.1","0","±27","0.0%","±0.2","0","±34","0.0%","±0.1","0","±27","0.0%","±0.2","25","±42","0.1%","±0.1","0","±23","0.0%","±0.3","0","±23","0.0%","±0.3","3","±6","0.0%","±0.1","0","±23","0.0%","±0.4","1","±2","0.0%","±0.1"
"            Some other race","490","±212","2.7%","±1.2","2,767","±653","3.4%","±0.8","3,982","±987","3.1%","±0.8","404","±249","2.1%","±1.3","591","±336","2.5%","±1.4","1,629","±505","3.6%","±1.1","195","±158","0.8%","±0.6","1,947","±735","2.6%","±1.0","772","±493","2.6%","±1.6","67","±76","0.2%","±0.2","89","±154","0.6%","±1.0","326","±161","1.9%","±1.0","727","±199","2.7%","±0.7","59","±54","0.5%","±0.4","441","±190","1.6%","±0.7"
"        Two or more races","654","±261","3.6%","±1.4","5,018","±869","6.1%","±1.1","5,762","±864","4.5%","±0.7","554","±206","2.8%","±1.1","540","±184","2.3%","±0.8","2,965","±691","6.5%","±1.5","488","±279","1.9%","±1.1","3,013","±572","4.1%","±0.8","1,501","±554","5.0%","±1.9","2,017","±544","4.9%","±1.3","394","±160","2.7%","±1.1","874","±181","5.2%","±1.1","693","±293","2.6%","±1.1","298","±113","2.4%","±0.9","1,065","±426","3.8%","±1.5"
"            White and Black or African American","160","±175","0.9%","±1.0","1,125","±304","1.4%","±0.4","1,342","±427","1.0%","±0.3","109","±75","0.6%","±0.4","270","±127","1.2%","±0.5","303","±120","0.7%","±0.3","122","±145","0.5%","±0.6","316","±184","0.4%","±0.2","429","±150","1.4%","±0.5","553","±448","1.3%","±1.1","155","±89","1.0%","±0.6","7","±15","0.0%","±0.1","511","±243","1.9%","±0.9","18","±24","0.1%","±0.2","278","±108","1.0%","±0.4"
"            White and American Indian and Alaska Native","108","±51","0.6%","±0.3","854","±400","1.0%","±0.5","500","±96","0.4%","±0.1","79","±71","0.4%","±0.4","106","±40","0.5%","±0.2","233","±67","0.5%","±0.1","83","±20","0.3%","±0.1","408","±38","0.6%","±0.1","149","±31","0.5%","±0.1","548","±236","1.3%","±0.6","102","±23","0.7%","±0.3","458","±72","2.7%","±0.4","138","±28","0.5%","±0.1","63","±9","0.5%","±0.1","215","±80","0.8%","±0.3"
"            White and Asian","17","±20","0.1%","±0.1","221","±109","0.3%","±0.1","968","±313","0.8%","±0.2","15","±24","0.1%","±0.1","14","±27","0.1%","±0.1","210","±154","0.5%","±0.3","103","±95","0.4%","±0.4","298","±133","0.4%","±0.2","152","±130","0.5%","±0.4","360","±183","0.9%","±0.4","12","±18","0.1%","±0.1","0","±23","0.0%","±0.3","1","±2","0.0%","±0.1","9","±14","0.1%","±0.1","23","±32","0.1%","±0.1"
"            Black or African American and American Indian and Alaska Native","1","±3","0.0%","±0.1","31","±35","0.0%","±0.1","111","±107","0.1%","±0.1","20","±34","0.1%","±0.2","6","±9","0.0%","±0.1","2","±6","0.0%","±0.1","0","±27","0.0%","±0.2","1","±2","0.0%","±0.1","0","±27","0.0%","±0.2","0","±30","0.0%","±0.1","7","±30","0.0%","±0.2","0","±23","0.0%","±0.3","0","±27","0.0%","±0.2","42","±65","0.3%","±0.5","6","±12","0.0%","±0.1"
"Race alone or in combination with one or more other races","","","","","","","","","","","","","","","","","","","","","","","","","","","","","","","","","","","","","","","","","","","","","","","","","","","","","","","","","","","",""
"    Total population","18,061","*****","18,061","(X)","82,138","*****","82,138","(X)","128,195","*****","128,195","(X)","19,453","*****","19,453","(X)","23,256","*****","23,256","(X)","45,767","*****","45,767","(X)","25,808","*****","25,808","(X)","73,839","*****","73,839","(X)","29,906","*****","29,906","(X)","41,006","*****","41,006","(X)","14,779","*****","14,779","(X)","16,731","*****","16,731","(X)","26,641","*****","26,641","(X)","12,300","*****","12,300","(X)","27,886","*****","27,886","(X)"
"        White","16,819","±278","93.1%","±1.5","65,213","±719","79.4%","±0.9","83,094","±1,102","64.8%","±0.9","13,191","±263","67.8%","±1.4","20,111","±334","86.5%","±1.4","41,143","±708","89.9%","±1.5","20,178","±296","78.2%","±1.1","64,761","±859","87.7%","±1.2","26,111","±557","87.3%","±1.9","37,564","±402","91.6%","±1.0","12,055","±206","81.6%","±1.4","16,079","±113","96.1%","±0.7","22,728","±339","85.3%","±1.3","11,857","±83","96.4%","±0.7","26,702","±224","95.8%","±0.8"
"        Black or African American","635","±13","3.5%","±0.1","11,641","±228","14.2%","±0.3","37,205","±208","29.0%","±0.2","5,695","±133","29.3%","±0.7","2,380","±76","10.2%","±0.3","1,923","±115","4.2%","±0.3","5,148","±32","19.9%","±0.1","6,195","±366","8.4%","±0.5","3,062","±32","10.2%","±0.1","2,068","±486","5.0%","±1.2","2,740","±80","18.5%","±0.5","236","±130","1.4%","±0.8","3,377","±6","12.7%","±0.1","339","±99","2.8%","±0.8","792","±2","2.8%","±0.1"
"        American Indian and Alaska Native","154","±3","0.9%","±0.1","1,365","±424","1.7%","±0.5","889","±209","0.7%","±0.2","174","±110","0.9%","±0.6","199","±89","0.9%","±0.4","372","±65","0.8%","±0.1","200","±187","0.8%","±0.7","491","±92","0.7%","±0.1","211","±43","0.7%","±0.1","920","±299","2.2%","±0.7","120","±52","0.8%","±0.3","458","±72","2.7%","±0.4","161","±27","0.6%","±0.2","125","±70","1.0%","±0.6","302","±52","1.1%","±0.2"
"        Asian","249","±19","1.4%","±0.1","3,630","±68","4.4%","±0.1","6,156","±151","4.8%","±0.1","212","±23","1.1%","±0.2","432","±80","1.9%","±0.3","1,197","±50","2.6%","±0.1","396","±76","1.5%","±0.3","1,866","±95","2.5%","±0.1","664","±12","2.2%","±0.1","1,936","±30","4.7%","±0.1","73","±79","0.5%","±0.5","96","±70","0.6%","±0.4","295","±27","1.1%","±0.2","54","±49","0.4%","±0.4","203","±28","0.7%","±0.1"
"        Native Hawaiian and Other Pacific Islander","0","±23","0.0%","±0.3","30","±33","0.0%","±0.1","100","±77","0.1%","±0.1","0","±23","0.0%","±0.2","21","±37","0.1%","±0.2","644","±541","1.4%","±1.2","0","±27","0.0%","±0.2","340","±280","0.5%","±0.4","118","±136","0.4%","±0.5","25","±42","0.1%","±0.1","5","±9","0.0%","±0.1","1","±2","0.0%","±0.1","3","±6","0.0%","±0.1","0","±23","0.0%","±0.4","1","±2","0.0%","±0.1"
"        Some other race","858","±180","4.8%","±1.0","5,407","±923","6.6%","±1.1","6,666","±851","5.2%","±0.7","735","±339","3.8%","±1.7","653","±341","2.8%","±1.5","3,609","±633","7.9%","±1.4","375","±265","1.5%","±1.0","3,604","±695","4.9%","±0.9","1,395","±340","4.7%","±1.1","576","±238","1.4%","±0.6","191","±226","1.3%","±1.5","735","±220","4.4%","±1.3","770","±131","2.9%","±0.5","225","±87","1.8%","±0.7","971","±439","3.5%","±1.6"
"HISPANIC OR LATINO AND RACE","","","","","","","","","","","","","","","","","","","","","","","","","","","","","","","","","","","","","","","","","","","","","","","","","","","","","","","","","","","",""
"    Total population","18,061","*****","18,061","(X)","82,138","*****","82,138","(X)","128,195","*****","128,195","(X)","19,453","*****","19,453","(X)","23,256","*****","23,256","(X)","45,767","*****","45,767","(X)","25,808","*****","25,808","(X)","73,839","*****","73,839","(X)","29,906","*****","29,906","(X)","41,006","*****","41,006","(X)","14,779","*****","14,779","(X)","16,731","*****","16,731","(X)","26,641","*****","26,641","(X)","12,300","*****","12,300","(X)","27,886","*****","27,886","(X)"
"        Hispanic or Latino (of any race)","1,339","*****","7.4%","*****","10,107","*****","12.3%","*****","14,071","*****","11.0%","*****","1,181","*****","6.1%","*****","1,189","*****","5.1%","*****","7,342","*****","16.0%","*****","973","*****","3.8%","*****","6,361","*****","8.6%","*****","1,831","*****","6.1%","*****","2,302","*****","5.6%","*****","792","*****","5.4%","*****","1,321","*****","7.9%","*****","1,033","*****","3.9%","*****","367","*****","3.0%","*****","942","*****","3.4%","*****"
"            Mexican","1,070","±142","5.9%","±0.8","5,112","±706","6.2%","±0.9","7,519","±962","5.9%","±0.8","612","±212","3.1%","±1.1","926","±116","4.0%","±0.5","6,141","±632","13.4%","±1.4","742","±143","2.9%","±0.6","3,340","±679","4.5%","±0.9","1,145","±439","3.8%","±1.5","1,218","±364","3.0%","±0.9","178","±193","1.2%","±1.3","939","±217","5.6%","±1.3","380","±249","1.4%","±0.9","142","±91","1.2%","±0.7","505","±162","1.8%","±0.6"
"            Puerto Rican","33","±40","0.2%","±0.2","1,644","±557","2.0%","±0.7","513","±274","0.4%","±0.2","99","±110","0.5%","±0.6","95","±105","0.4%","±0.5","227","±138","0.5%","±0.3","52","±73","0.2%","±0.3","1,010","±524","1.4%","±0.7","207","±180","0.7%","±0.6","469","±445","1.1%","±1.1","606","±194","4.1%","±1.3","73","±76","0.4%","±0.5","47","±77","0.2%","±0.3","97","±78","0.8%","±0.6","215","±162","0.8%","±0.6"
"            Cuban","39","±35","0.2%","±0.2","505","±279","0.6%","±0.3","808","±440","0.6%","±0.3","230","±226","1.2%","±1.2","112","±119","0.5%","±0.5","48","±48","0.1%","±0.1","63","±80","0.2%","±0.3","56","±61","0.1%","±0.1","24","±27","0.1%","±0.1","57","±64","0.1%","±0.2","0","±23","0.0%","±0.3","67","±101","0.4%","±0.6","38","±58","0.1%","±0.2","5","±8","0.0%","±0.1","81","±74","0.3%","±0.3"
"            Other Hispanic or Latino","197","±139","1.1%","±0.8","2,846","±478","3.5%","±0.6","5,231","±938","4.1%","±0.7","240","±148","1.2%","±0.8","56","±45","0.2%","±0.2","926","±626","2.0%","±1.4","116","±103","0.4%","±0.4","1,955","±524","2.6%","±0.7","455","±278","1.5%","±0.9","558","±317","1.4%","±0.8","8","±10","0.1%","±0.1","242","±172","1.4%","±1.0","568","±255","2.1%","±1.0","123","±77","1.0%","±0.6","141","±100","0.5%","±0.4"
"        Not Hispanic or Latino","16,722","*****","92.6%","*****","72,031","*****","87.7%","*****","114,124","*****","89.0%","*****","18,272","*****","93.9%","*****","22,067","*****","94.9%","*****","38,425","*****","84.0%","*****","24,835","*****","96.2%","*****","67,478","*****","91.4%","*****","28,075","*****","93.9%","*****","38,704","*****","94.4%","*****","13,987","*****","94.6%","*****","15,410","*****","92.1%","*****","25,608","*****","96.1%","*****","11,933","*****","97.0%","*****","26,944","*****","96.6%","*****"
"            White alone","15,689","±19","86.9%","±0.1","56,006","±504","68.2%","±0.6","70,234","±227","54.8%","±0.2","12,128","±126","62.3%","±0.6","19,216","±30","82.6%","±0.1","34,652","±202","75.7%","±0.4","19,173","±101","74.3%","±0.4","58,873","±182","79.7%","±0.2","24,025","±149","80.3%","±0.5","34,223","±106","83.5%","±0.3","11,070","±23","74.9%","±0.3","14,687","±23","87.8%","±0.3","21,768","±9","81.7%","±0.1","11,500","±36","93.5%","±0.3","25,293","±377","90.7%","±1.4"
"            Black or African American alone","470","±175","2.6%","±1.0","10,105","±316","12.3%","±0.4","35,275","±452","27.5%","±0.4","5,489","±129","28.2%","±0.7","2,043","±145","8.8%","±0.6","1,495","±144","3.3%","±0.3","4,996","±147","19.4%","±0.6","5,417","±256","7.3%","±0.3","2,589","±164","8.7%","±0.5","1,468","±277","3.6%","±0.7","2,564","±121","17.3%","±0.8","162","±69","1.0%","±0.4","2,866","±243","10.8%","±0.9","229","±79","1.9%","±0.6","488","±100","1.7%","±0.4"
"            American Indian and Alaska Native alone","45","±51","0.2%","±0.3","109","±76","0.1%","±0.1","59","±59","0.0%","±0.1","75","±60","0.4%","±0.3","39","±40","0.2%","±0.2","68","±67","0.1%","±0.1","10","±20","0.0%","±0.1","8","±11","0.0%","±0.1","22","±31","0.1%","±0.1","94","±73","0.2%","±0.2","0","±23","0.0%","±0.3","0","±23","0.0%","±0.3","23","±28","0.1%","±0.1","6","±7","0.0%","±0.1","61","±60","0.2%","±0.2"
"            Asian alone","221","±20","1.2%","±0.1","3,268","±113","4.0%","±0.1","4,971","±299","3.9%","±0.2","197","±24","1.0%","±0.1","333","±50","1.4%","±0.2","930","±143","2.0%","±0.3","272","±58","1.1%","±0.2","1,362","±186","1.8%","±0.3","399","±181","1.3%","±0.6","1,576","±183","3.8%","±0.4","61","±76","0.4%","±0.5","96","±70","0.6%","±0.4","294","±2","1.1%","±0.1","45","±42","0.4%","±0.3","167","±32","0.6%","±0.1"
"            Native Hawaiian and Other Pacific Islander alone","0","±23","0.0%","±0.3","6","±12","0.0%","±0.1","44","±48","0.0%","±0.1","0","±23","0.0%","±0.2","0","±27","0.0%","±0.2","14","±24","0.0%","±0.1","0","±27","0.0%","±0.2","21","±31","0.0%","±0.1","0","±27","0.0%","±0.2","25","±42","0.1%","±0.1","0","±23","0.0%","±0.3","0","±23","0.0%","±0.3","3","±6","0.0%","±0.1","0","±23","0.0%","±0.4","1","±2","0.0%","±0.1"
"            Some other race alone","0","±23","0.0%","±0.3","261","±191","0.3%","±0.2","236","±176","0.2%","±0.1","180","±124","0.9%","±0.6","17","±30","0.1%","±0.1","90","±67","0.2%","±0.1","30","±27","0.1%","±0.1","210","±127","0.3%","±0.2","144","±148","0.5%","±0.5","16","±24","0.0%","±0.1","0","±23","0.0%","±0.3","0","±23","0.0%","±0.3","0","±27","0.0%","±0.2","13","±22","0.1%","±0.2","21","±29","0.1%","±0.1"
"            Two or more races","297","±175","1.6%","±1.0","2,276","±554","2.8%","±0.7","3,305","±582","2.6%","±0.5","203","±100","1.0%","±0.5","419","±153","1.8%","±0.7","1,176","±262","2.6%","±0.6","354","±185","1.4%","±0.7","1,587","±345","2.1%","±0.5","896","±235","3.0%","±0.8","1,302","±344","3.2%","±0.8","292","±102","2.0%","±0.7","465","±73","2.8%","±0.4","654","±249","2.5%","±0.9","140","±68","1.1%","±0.6","913","±395","3.3%","±1.4"
"                Two races including Some other race","14","±19","0.1%","±0.1","436","±466","0.5%","±0.6","447","±193","0.3%","±0.2","7","±14","0.0%","±0.1","0","±27","0.0%","±0.2","208","±203","0.5%","±0.4","101","±100","0.4%","±0.4","276","±157","0.4%","±0.2","21","±30","0.1%","±0.1","101","±95","0.2%","±0.2","0","±23","0.0%","±0.3","0","±23","0.0%","±0.3","4","±9","0.0%","±0.1","21","±26","0.2%","±0.2","376","±377","1.3%","±1.4"
"                Two races excluding Some other race, and Three or more races","283","±172","1.6%","±1.0","1,840","±307","2.2%","±0.4","2,858","±547","2.2%","±0.4","196","±100","1.0%","±0.5","419","±153","1.8%","±0.7","968","±193","2.1%","±0.4","253","±154","1.0%","±0.6","1,311","±312","1.8%","±0.4","875","±228","2.9%","±0.8","1,201","±343","2.9%","±0.8","292","±102","2.0%","±0.7","465","±73","2.8%","±0.4","650","±249","2.4%","±0.9","119","±62","1.0%","±0.5","537","±117","1.9%","±0.4"
"Total housing units","7,237","±44","(X)","(X)","29,530","±92","(X)","(X)","55,088","±562","(X)","(X)","9,288","±31","(X)","(X)","10,581","±77","(X)","(X)","18,279","±280","(X)","(X)","12,786","±79","(X)","(X)","27,137","±91","(X)","(X)","12,146","±53","(X)","(X)","14,768","±38","(X)","(X)","6,360","±46","(X)","(X)","12,024","±59","(X)","(X)","12,363","±122","(X)","(X)","8,535","±111","(X)","(X)","13,819","±60","(X)","(X)"
"CITIZEN, VOTING AGE POPULATION","","","","","","","","","","","","","","","","","","","","","","","","","","","","","","","","","","","","","","","","","","","","","","","","","","","","","","","","","","","",""
"    Citizen, 18 and over population","13,459","±135","13,459","(X)","57,536","±429","57,536","(X)","98,840","±746","98,840","(X)","14,845","±171","14,845","(X)","17,757","±169","17,757","(X)","32,662","±413","32,662","(X)","20,208","±224","20,208","(X)","53,626","±352","53,626","(X)","22,470","±231","22,470","(X)","29,240","±276","29,240","(X)","11,627","±104","11,627","(X)","13,359","±179","13,359","(X)","20,403","±186","20,403","(X)","10,608","±105","10,608","(X)","22,324","±190","22,324","(X)"
"        Male","6,716","±111","49.9%","±0.6","27,870","±291","48.4%","±0.3","45,932","±522","46.5%","±0.3","6,996","±78","47.1%","±0.4","8,582","±176","48.3%","±0.8","15,106","±392","46.2%","±0.8","9,848","±140","48.7%","±0.5","26,317","±276","49.1%","±0.3","10,958","±179","48.8%","±0.4","14,344","±188","49.1%","±0.3","5,815","±120","50.0%","±0.7","6,608","±126","49.5%","±0.5","9,832","±192","48.2%","±0.6","4,984","±96","47.0%","±0.6","10,890","±248","48.8%","±0.8"
"        Female","6,743","±101","50.1%","±0.6","29,666","±260","51.6%","±0.3","52,908","±455","53.5%","±0.3","7,849","±124","52.9%","±0.4","9,175","±166","51.7%","±0.8","17,556","±274","53.8%","±0.8","10,360","±156","51.3%","±0.5","27,309","±180","50.9%","±0.3","11,512","±120","51.2%","±0.4","14,896","±135","50.9%","±0.3","5,812","±64","50.0%","±0.7","6,751","±102","50.5%","±0.5","10,571","±102","51.8%","±0.6","5,624","±70","53.0%","±0.6","11,434","±149","51.2%","±0.8"